Country,Year,Population,CasesLower,CasesPoint,CasesUpper,DeathsLower,DeathsPoint,DeathsUpper,Region
Algeria,2000,1823421,0,34,0,0,2,0,Africa
Algeria,2001,1847461,0,6,0,0,1,0,Africa
Algeria,2002,1871169,0,10,0,0,0,0,Africa
Algeria,2003,1895196,0,5,0,0,0,0,Africa
Algeria,2004,1920337,0,2,0,0,0,0,Africa
Algeria,2005,1947214,0,1,0,0,0,0,Africa
Algeria,2006,1976072,0,1,0,0,0,0,Africa
Algeria,2007,2006967,0,26,0,0,0,0,Africa
Algeria,2008,2040075,0,3,0,0,0,0,Africa
Algeria,2009,2075512,0,0,0,0,0,0,Africa
Algeria,2010,2113315,0,1,0,0,1,0,Africa
Algeria,2011,2153492,0,1,0,0,0,0,Africa
Algeria,2012,2195930,0,55,0,0,0,0,Africa
Algeria,2013,2240351,0,8,0,0,0,0,Africa
Algeria,2014,2286377,0,0,0,0,0,0,Africa
Algeria,2015,2333623,0,0,0,0,0,0,Africa
Algeria,2016,2381988,0,0,0,0,0,0,Africa
Algeria,2017,2431199,0,0,0,0,0,0,Africa
Algeria,2018,2480496,0,0,0,0,0,0,Africa
Algeria,2019,2528936,0,0,0,0,0,0,Africa
Algeria,2020,2575810,0,0,0,0,0,0,Africa
Angola,2000,16395477,3241000,5340066,8217000,21200,23661,26500,Africa
Angola,2001,16945753,3404000,5535342,8616000,21900,24478,27600,Africa
Angola,2002,17519418,3343000,5415619,8290000,20500,22952,26000,Africa
Angola,2003,18121477,3648000,5685269,8440000,20100,22694,25700,Africa
Angola,2004,18758138,4068000,5885039,8143000,19500,22169,25300,Africa
Angola,2005,19433604,4607000,6141449,7987000,18900,21709,25000,Africa
Angola,2006,20149905,4704000,6072435,7749000,17600,20525,24000,Africa
Angola,2007,20905360,4424000,5735024,7335000,15400,18237,21700,Africa
Angola,2008,21695636,3878000,5064933,6547000,12700,15280,18500,Africa
Angola,2009,22514275,3359000,4431095,5803000,10900,13342,16400,Africa
Angola,2010,23356247,2998000,4034069,5266000,9960,12398,15500,Africa
Angola,2011,24220660,2833000,3806828,5005000,9310,11832,15200,Africa
Angola,2012,25107925,2878000,3872052,5072000,8860,11461,15000,Africa
Angola,2013,26015786,3099000,4180694,5537000,8740,11586,15600,Africa
Angola,2014,26941773,3361000,4493340,5847000,8890,12036,16600,Africa
Angola,2015,27884380,3767000,4926711,6389000,9090,12551,17800,Africa
Angola,2016,28842482,4224000,5464271,6916000,9440,13430,19500,Africa
Angola,2017,29816769,4849000,6230177,7879000,9680,13941,20600,Africa
Angola,2018,30809787,5087000,6600911,8403000,9390,13489,20000,Africa
Angola,2019,31825299,5436000,7232418,9379000,9440,13622,20500,Africa
Angola,2020,32866268,5484000,8268572,11960000,9990,15989,28800,Africa
Benin,2000,6865946,2117000,2906648,3903000,7470,7898,8370,Africa
Benin,2001,7076728,2309000,3062820,3979000,7990,8455,8960,Africa
Benin,2002,7295400,2491000,3273171,4230000,8330,8825,9360,Africa
Benin,2003,7520556,2654000,3461238,4435000,9110,9668,10300,Africa
Benin,2004,7750003,2930000,3713286,4639000,10200,10839,11500,Africa
Benin,2005,7982223,3133000,3880119,4777000,11200,11896,12700,Africa
Benin,2006,8216893,3210000,3990012,4930000,11900,12682,13600,Africa
Benin,2007,8454790,3279000,4075243,5002000,11300,12034,12900,Africa
Benin,2008,8696915,3255000,4064889,5004000,9990,10694,11500,Africa
Benin,2009,8944713,3133000,3959981,4961000,8860,9508,10200,Africa
Benin,2010,9199254,2999000,3830368,4804000,8040,8632,9300,Africa
Benin,2011,9460829,2854000,3662477,4619000,7740,8348,9010,Africa
Benin,2012,9729254,2778000,3555478,4482000,8080,8738,9460,Africa
Benin,2013,10004594,2800000,3596818,4546000,9010,9774,10600,Africa
Benin,2014,10286839,2928000,3746939,4724000,9430,10285,11200,Africa
Benin,2015,10575962,3233000,4083754,5100000,10000,10991,12100,Africa
Benin,2016,10872072,3686000,4549900,5570000,10200,11228,12400,Africa
Benin,2017,11175192,3810000,4717923,5813000,9190,10224,11400,Africa
Benin,2018,11485035,3744000,4706391,5897000,8810,9898,11100,Africa
Benin,2019,11801151,3650000,4735800,6064000,8640,9889,11300,Africa
Benin,2020,12123198,3326000,4707522,6488000,8420,10123,12600,Africa
Botswana,2000,1089496,13000,19146,34000,1,49,120,Africa
Botswana,2001,1110275,4700,7698,14000,0,19,48,Africa
Botswana,2002,1130140,2100,3663,7100,0,9,24,Africa
Botswana,2003,1149863,740,1862,4500,0,4,15,Africa
Botswana,2004,1170513,250,1217,3700,0,3,12,Africa
Botswana,2005,1192752,840,1466,2800,0,3,9,Africa
Botswana,2006,1217172,3200,4801,7800,0,12,27,Africa
Botswana,2007,1243391,490,1292,3200,0,3,10,Africa
Botswana,2008,1270028,1200,2457,5200,0,6,17,Africa
Botswana,2009,1295128,1300,2719,5200,0,6,18,Africa
Botswana,2010,1317411,1300,2229,3900,0,5,13,Africa
Botswana,2011,1336173,520,682,930,0,1,3,Africa
Botswana,2012,1352181,230,304,410,0,0,1,Africa
Botswana,2013,1367430,570,724,980,0,1,3,Africa
Botswana,2014,1384712,1600,2073,3000,0,5,10,Africa
Botswana,2015,1405992,350,454,610,0,1,2,Africa
Botswana,2016,1431987,910,1315,2000,0,3,7,Africa
Botswana,2017,1461921,2300,2920,3900,0,7,14,Africa
Botswana,2018,1494401,620,803,1100,0,2,4,Africa
Botswana,2019,1527309,200,257,350,0,0,1,Africa
Botswana,2020,1559080,1200,1759,2700,0,4,9,Africa
Burkina Faso,2000,11607951,5567000,7002044,8659000,38700,41277,44000,Africa
Burkina Faso,2001,11944589,5730000,7189899,8855000,39200,41824,44700,Africa
Burkina Faso,2002,12293097,5846000,7324867,9040000,38000,40688,43600,Africa
Burkina Faso,2003,12654624,5937000,7404515,9120000,35800,38366,41200,Africa
Burkina Faso,2004,13030576,5868000,7328543,9092000,32100,34556,37100,Africa
Burkina Faso,2005,13421935,5654000,7165234,8886000,29300,31546,34000,Africa
Burkina Faso,2006,13829173,5606000,7164531,8969000,28300,30542,32900,Africa
Burkina Faso,2007,14252029,5963000,7500979,9301000,28900,31272,33800,Africa
Burkina Faso,2008,14689725,6523000,8163719,9993000,31100,33805,36600,Africa
Burkina Faso,2009,15141098,7008000,8660267,10640000,33100,36176,39400,Africa
Burkina Faso,2010,15605211,7180000,8915088,10950000,31800,35034,38500,Africa
Burkina Faso,2011,16081915,7221000,8959042,10940000,29800,33208,36800,Africa
Burkina Faso,2012,16571252,7155000,8851576,10760000,26800,30247,34000,Africa
Burkina Faso,2013,17072791,6719000,8317848,10180000,22400,25694,29400,Africa
Burkina Faso,2014,17586029,6378000,7879925,9608000,19100,22278,26100,Africa
Burkina Faso,2015,18110616,6130000,7671964,9493000,17200,20471,24500,Africa
Burkina Faso,2016,18646350,5308000,7134681,9375000,16100,19443,23900,Africa
Burkina Faso,2017,19193236,4818000,7095168,10060000,15500,19292,24400,Africa
Burkina Faso,2018,19751466,4819000,7292399,10600000,15000,19064,24700,Africa
Burkina Faso,2019,20321383,4718000,7439282,11030000,14400,18813,25100,Africa
Burkina Faso,2020,20903278,5042000,8150690,12410000,14300,19979,29100,Africa
Burundi,2000,6378871,2313000,3047638,3931000,11400,12288,13300,Africa
Burundi,2001,6525546,2315000,3060075,3988000,10500,11335,12300,Africa
Burundi,2002,6704118,2060000,2886631,3915000,8710,9397,10200,Africa
Burundi,2003,6909161,1842000,2650702,3726000,7680,8294,8990,Africa
Burundi,2004,7131688,1646000,2364479,3278000,6500,6988,7560,Africa
Burundi,2005,7364857,1544000,2155222,2924000,5580,5970,6420,Africa
Burundi,2006,7607850,1413000,1993096,2755000,5150,5506,5910,Africa
Burundi,2007,7862226,1191000,1757387,2495000,4930,5271,5650,Africa
Burundi,2008,8126104,1098000,1603138,2275000,4920,5253,5640,Africa
Burundi,2009,8397661,1021000,1468145,2068000,4840,5188,5580,Africa
Burundi,2010,8675606,1017000,1468912,2040000,4710,5051,5440,Africa
Burundi,2011,8958406,1034000,1477281,2050000,4450,4773,5160,Africa
Burundi,2012,9245992,1074000,1521970,2099000,4330,4664,5070,Africa
Burundi,2013,9540302,1150000,1624753,2233000,4190,4535,4970,Africa
Burundi,2014,9844301,1216000,1734733,2378000,4220,4630,5150,Africa
Burundi,2015,10160034,1400000,1973819,2683000,4380,4867,5520,Africa
Burundi,2016,10488002,1747000,2400698,3212000,4880,5582,6540,Africa
Burundi,2017,10827010,1985000,2707373,3624000,5120,5974,7170,Africa
Burundi,2018,11175379,2366000,3223461,4296000,4550,5237,6220,Africa
Burundi,2019,11530577,2400000,3426146,4790000,4560,5284,6370,Africa
Burundi,2020,11890781,2131000,3506219,5442000,4730,5822,7700,Africa
Cabo Verde,2000,111326,0,144,0,0,0,0,Africa
Cabo Verde,2001,113282,0,107,0,0,0,0,Africa
Cabo Verde,2002,115168,0,76,0,0,2,0,Africa
Cabo Verde,2003,116980,0,68,0,0,4,0,Africa
Cabo Verde,2004,118720,0,45,0,0,4,0,Africa
Cabo Verde,2005,120388,0,68,0,0,2,0,Africa
Cabo Verde,2006,121984,0,80,0,0,8,0,Africa
Cabo Verde,2007,123517,0,18,0,0,2,0,Africa
Cabo Verde,2008,125019,0,35,0,0,2,0,Africa
Cabo Verde,2009,126533,0,65,0,0,2,0,Africa
Cabo Verde,2010,128087,0,47,0,0,1,0,Africa
Cabo Verde,2011,129703,0,7,0,0,1,0,Africa
Cabo Verde,2012,131362,0,1,0,0,0,0,Africa
Cabo Verde,2013,133052,0,22,0,0,0,0,Africa
Cabo Verde,2014,134751,0,26,0,0,1,0,Africa
Cabo Verde,2015,136432,0,7,0,0,0,0,Africa
Cabo Verde,2016,138096,0,48,0,0,1,0,Africa
Cabo Verde,2017,139749,0,423,0,0,2,0,Africa
Cabo Verde,2018,141378,0,2,0,0,0,0,Africa
Cabo Verde,2019,142983,0,0,0,0,0,0,Africa
Cabo Verde,2020,144556,0,0,0,0,0,0,Africa
Cameroon,2000,15513944,4767000,6263468,8128000,16100,17144,18300,Africa
Cameroon,2001,15928910,4843000,6484711,8494000,16400,17459,18600,Africa
Cameroon,2002,16357605,4895000,6575562,8624000,16700,17775,18900,Africa
Cameroon,2003,16800869,5248000,6996994,9075000,17200,18374,19600,Africa
Cameroon,2004,17259322,5797000,7478042,9527000,18200,19432,20800,Africa
Cameroon,2005,17733408,6073000,7658081,9570000,18800,20137,21600,Africa
Cameroon,2006,18223677,6022000,7638072,9532000,18600,19887,21400,Africa
Cameroon,2007,18730283,5944000,7488144,9310000,16900,18138,19500,Africa
Cameroon,2008,19252674,5509000,6997342,8756000,14900,15930,17100,Africa
Cameroon,2009,19789922,4779000,6243010,8017000,13500,14457,15500,Africa
Cameroon,2010,20341236,4485000,5916662,7642000,12500,13328,14300,Africa
Cameroon,2011,20906392,4232000,5612172,7242000,11500,12280,13200,Africa
Cameroon,2012,21485267,4109000,5543813,7322000,11500,12327,13200,Africa
Cameroon,2013,22077300,4194000,5786535,7873000,11600,12467,13400,Africa
Cameroon,2014,22681853,4242000,5940368,8116000,11800,12725,13700,Africa
Cameroon,2015,23298376,4400000,6087831,8288000,12200,13171,14300,Africa
Cameroon,2016,23926549,4564000,6163766,8114000,12500,13699,15000,Africa
Cameroon,2017,24566070,4682000,6155492,7878000,12300,13633,15100,Africa
Cameroon,2018,25216261,4765000,6236858,7993000,11400,12770,14300,Africa
Cameroon,2019,25876387,4604000,6316506,8497000,11200,12683,14400,Africa
Cameroon,2020,26545864,4506000,6900814,10120000,12300,14841,18200,Africa
Central African Republic,2000,3640421,1065000,1608936,2341000,6640,7379,8190,Africa
Central African Republic,2001,3722016,1069000,1615118,2360000,6820,7593,8470,Africa
Central African Republic,2002,3802129,1100000,1651740,2399000,7040,7872,8830,Africa
Central African Republic,2003,3881185,1169000,1703351,2392000,7460,8393,9490,Africa
Central African Republic,2004,3959883,1250000,1767974,2444000,8000,9087,10400,Africa
Central African Republic,2005,4038380,1255000,1796295,2511000,8300,9530,11000,Africa
Central African Republic,2006,4118075,1237000,1812384,2563000,8530,9918,11700,Africa
Central African Republic,2007,4198004,1220000,1814818,2653000,8360,9837,11800,Africa
Central African Republic,2008,4273368,1142000,1806806,2728000,7610,9105,11100,Africa
Central African Republic,2009,4337623,1059000,1776590,2808000,6980,8528,10700,Africa
Central African Republic,2010,4386765,972000,1735412,2891000,6240,7803,9990,Africa
Central African Republic,2011,4418639,929000,1704764,2888000,5520,7045,9260,Africa
Central African Republic,2012,4436411,917000,1675743,2837000,5150,6770,9130,Africa
Central African Republic,2013,4447945,912000,1651034,2763000,4720,6361,8800,Africa
Central African Republic,2014,4464171,900000,1618953,2737000,4350,5995,8530,Africa
Central African Republic,2015,4493171,832000,1556627,2661000,3930,5555,8150,Africa
Central African Republic,2016,4537683,811000,1516132,2580000,3570,5172,7760,Africa
Central African Republic,2017,4596023,803000,1510710,2626000,3230,4788,7400,Africa
Central African Republic,2018,4666375,793000,1515019,2634000,3010,4553,7220,Africa
Central African Republic,2019,4745179,810000,1532089,2666000,2860,4452,7280,Africa
Central African Republic,2020,4829764,831000,1622774,2900000,2940,5079,9360,Africa
Chad,2000,8264159,1337000,2206959,3440000,7980,8459,9010,Africa
Chad,2001,8583024,1341000,2303533,3734000,8590,9111,9710,Africa
Chad,2002,8920465,1128000,2085966,3486000,8170,8665,9220,Africa
Chad,2003,9271268,1152000,2117386,3609000,8400,8926,9520,Africa
Chad,2004,9628165,1187000,2136583,3639000,8460,9005,9610,Africa
Chad,2005,9986071,1213000,2228197,3721000,8880,9464,10100,Africa
Chad,2006,10342616,1320000,2336909,3836000,9400,10030,10800,Africa
Chad,2007,10699573,1434000,2419751,3792000,9800,10485,11300,Africa
Chad,2008,11061128,1731000,2513300,3495000,10200,10911,11800,Africa
Chad,2009,11433558,2041000,2672984,3431000,10600,11455,12400,Africa
Chad,2010,11821258,2159000,2760481,3475000,10900,11829,12900,Africa
Chad,2011,12225633,2002000,2660817,3471000,10600,11550,12600,Africa
Chad,2012,12644755,1738000,2559176,3669000,10300,11321,12400,Africa
Chad,2013,13075669,1462000,2489517,4005000,10100,11158,12400,Africa
Chad,2014,13513945,1388000,2550213,4313000,9950,11126,12400,Africa
Chad,2015,13956455,1458000,2646943,4502000,9890,11163,12600,Africa
Chad,2016,14402207,1599000,2775765,4518000,9990,11437,13100,Africa
Chad,2017,14852327,1663000,2915825,4711000,10000,11673,13700,Africa
Chad,2018,15308245,1785000,3155109,5143000,9760,11509,13800,Africa
Chad,2019,15772263,1824000,3205889,5265000,9650,11619,14300,Africa
Chad,2020,16245995,1870000,3351197,5676000,9340,12415,16600,Africa
Comoros,2000,542358,24000,35309,47000,2,89,190,Africa
Comoros,2001,555895,24000,35335,47000,2,89,190,Africa
Comoros,2002,569480,24000,35347,48000,2,89,190,Africa
Comoros,2003,583213,24000,35347,48000,2,89,190,Africa
Comoros,2004,597230,24000,35342,48000,2,89,190,Africa
Comoros,2005,611625,24000,35336,47000,2,89,190,Africa
Comoros,2006,626427,24000,35332,47000,2,89,190,Africa
Comoros,2007,641624,24000,35328,47000,2,89,190,Africa
Comoros,2008,657227,24000,35325,47000,2,89,190,Africa
Comoros,2009,673251,24000,35322,47000,2,89,190,Africa
Comoros,2010,689696,0,36538,0,3,92,140,Africa
Comoros,2011,706578,0,24856,0,2,62,97,Africa
Comoros,2012,723865,0,49840,0,4,125,200,Africa
Comoros,2013,741511,0,53156,0,5,135,210,Africa
Comoros,2014,759390,0,2203,0,0,5,8,Africa
Comoros,2015,777435,0,1300,0,0,3,5,Africa
Comoros,2016,795597,0,1143,0,0,2,4,Africa
Comoros,2017,813890,0,3230,0,0,8,12,Africa
Comoros,2018,832322,0,15186,0,1,38,60,Africa
Comoros,2019,850891,0,17599,0,1,45,70,Africa
Comoros,2020,869595,0,4546,0,0,11,18,Africa
Congo,2000,3127420,762000,1111363,1563000,2820,3034,3270,Africa
Congo,2001,3217930,791000,1130380,1592000,2780,2983,3210,Africa
Congo,2002,3310376,705000,1058967,1521000,2580,2749,2940,Africa
Congo,2003,3406915,701000,1071326,1563000,2470,2630,2810,Africa
Congo,2004,3510468,715000,1083781,1588000,2360,2505,2670,Africa
Congo,2005,3622775,699000,1040222,1504000,2230,2366,2520,Africa
Congo,2006,3745143,662000,987425,1425000,2080,2198,2330,Africa
Congo,2007,3876123,624000,935722,1347000,1920,2028,2140,Africa
Congo,2008,4011487,584000,878588,1267000,1780,1871,1970,Africa
Congo,2009,4145400,554000,854722,1274000,1740,1828,1920,Africa
Congo,2010,4273738,547000,859591,1292000,1740,1835,1940,Africa
Congo,2011,4394842,560000,872297,1274000,1760,1870,1990,Africa
Congo,2012,4510197,601000,882608,1256000,1770,1897,2040,Africa
Congo,2013,4622757,617000,896580,1262000,1840,2015,2230,Africa
Congo,2014,4736965,605000,883444,1250000,1850,2047,2310,Africa
Congo,2015,4856093,599000,893590,1270000,1820,2023,2320,Africa
Congo,2016,4980996,602000,946509,1423000,1870,2118,2500,Africa
Congo,2017,5110701,633000,1051980,1642000,1920,2200,2670,Africa
Congo,2018,5244363,705000,1141343,1754000,1910,2191,2690,Africa
Congo,2019,5380504,752000,1161743,1728000,1930,2220,2770,Africa
Congo,2020,5518092,722000,1176331,1826000,1920,2354,3370,Africa
Ivory Coast,2000,16454660,6664000,8402895,10400000,27200,29036,31100,Africa
Ivory Coast,2001,16853027,7059000,8796365,10820000,28800,30820,33100,Africa
Ivory Coast,2002,17231539,7208000,9013441,11090000,29400,31509,33800,Africa
Ivory Coast,2003,17599613,7374000,9179349,11260000,29200,31397,33700,Africa
Ivory Coast,2004,17970493,7467000,9270982,11450000,27700,29819,32000,Africa
Ivory Coast,2005,18354513,7139000,8921724,11010000,26400,28487,30600,Africa
Ivory Coast,2006,18754914,7150000,8922496,10900000,25900,27989,30200,Africa
Ivory Coast,2007,19171250,7346000,9035145,10990000,26600,28815,31100,Africa
Ivory Coast,2008,19605568,7641000,9370105,11340000,26100,28268,30700,Africa
Ivory Coast,2009,20059147,7934000,9733759,11820000,25800,28135,30600,Africa
Ivory Coast,2010,20532944,8062000,9894039,11960000,23200,25440,27800,Africa
Ivory Coast,2011,21028652,8032000,9812222,11870000,19500,21484,23600,Africa
Ivory Coast,2012,21547188,6479000,8242023,10310000,14200,15726,17400,Africa
Ivory Coast,2013,22087506,4880000,6499239,8507000,11500,12797,14200,Africa
Ivory Coast,2014,22647672,4469000,6012351,7976000,10600,11943,13400,Africa
Ivory Coast,2015,23226148,4028000,5753943,7861000,12100,13725,15600,Africa
Ivory Coast,2016,23822726,3878000,5986942,8753000,14400,16648,19300,Africa
Ivory Coast,2017,24437475,3698000,6353352,10280000,15300,17879,20900,Africa
Ivory Coast,2018,25069226,3877000,6827252,11190000,12600,14986,17900,Africa
Ivory Coast,2019,25716554,4174000,7231163,11640000,12200,14829,18100,Africa
Ivory Coast,2020,26378275,4087000,7571801,12880000,12200,15913,22400,Africa
Democratic Republic of the Congo,2000,47105832,17730000,22117306,27260000,92100,100494,110000,Africa
Democratic Republic of the Congo,2001,48428536,18110000,22753379,28340000,91700,100192,110000,Africa
Democratic Republic of the Congo,2002,49871666,18440000,23456540,29300000,92800,101603,112000,Africa
Democratic Republic of the Congo,2003,51425584,19480000,24401918,30350000,96100,105469,116000,Africa
Democratic Republic of the Congo,2004,53068868,20540000,25538947,31460000,102000,112034,124000,Africa
Democratic Republic of the Congo,2005,54785898,21350000,26389768,32210000,102000,112725,125000,Africa
Democratic Republic of the Congo,2006,56578046,21930000,26813132,32550000,104000,115483,129000,Africa
Democratic Republic of the Congo,2007,58453680,22090000,27125730,32930000,99100,111542,125000,Africa
Democratic Republic of the Congo,2008,60411194,22060000,26880773,32550000,93400,106681,121000,Africa
Democratic Republic of the Congo,2009,62448574,21200000,25851664,31190000,87500,101421,117000,Africa
Democratic Republic of the Congo,2010,64563854,20560000,25174268,30480000,77700,91831,107000,Africa
Democratic Republic of the Congo,2011,66755154,19750000,24413631,29710000,66400,79887,94300,Africa
Democratic Republic of the Congo,2012,69020748,19140000,23848321,29190000,55200,67528,80900,Africa
Democratic Republic of the Congo,2013,71358804,18570000,23298085,28960000,47500,59293,72400,Africa
Democratic Republic of the Congo,2014,73767448,17920000,22683834,28290000,44600,56829,70900,Africa
Democratic Republic of the Congo,2015,76244540,17700000,22550355,28260000,44600,58167,74500,Africa
Democratic Republic of the Congo,2016,78789144,18180000,23438237,29880000,47900,63964,84300,Africa
Democratic Republic of the Congo,2017,81398776,19430000,25087950,32040000,49400,67792,92300,Africa
Democratic Republic of the Congo,2018,84068096,21040000,26975676,34280000,46700,65555,92200,Africa
Democratic Republic of the Congo,2019,86790564,21380000,27831537,35410000,45400,65331,94600,Africa
Democratic Republic of the Congo,2020,89561400,22260000,29036471,37180000,53300,82511,131000,Africa
Equatorial Guinea,2000,606180,162000,235276,334000,580,633,700,Africa
Equatorial Guinea,2001,631662,174000,245740,338000,590,644,710,Africa
Equatorial Guinea,2002,658388,183000,256076,348000,600,657,730,Africa
Equatorial Guinea,2003,686670,195000,269468,364000,620,682,760,Africa
Equatorial Guinea,2004,716949,210000,282782,374000,640,707,780,Africa
Equatorial Guinea,2005,749527,225000,297172,387000,640,712,790,Africa
Equatorial Guinea,2006,784494,234000,307995,397000,590,656,730,Africa
Equatorial Guinea,2007,821686,242000,317101,406000,550,610,680,Africa
Equatorial Guinea,2008,860839,234000,308886,403000,510,569,640,Africa
Equatorial Guinea,2009,901589,219000,295005,386000,480,535,600,Africa
Equatorial Guinea,2010,943640,217000,294885,392000,520,598,690,Africa
Equatorial Guinea,2011,986861,223000,306228,410000,530,617,720,Africa
Equatorial Guinea,2012,1031191,248000,338449,454000,560,667,790,Africa
Equatorial Guinea,2013,1076412,270000,374281,506000,610,735,890,Africa
Equatorial Guinea,2014,1122273,272000,387205,529000,620,770,960,Africa
Equatorial Guinea,2015,1168575,270000,389894,550000,570,706,880,Africa
Equatorial Guinea,2016,1215181,261000,388740,567000,540,666,840,Africa
Equatorial Guinea,2017,1262008,241000,373828,557000,530,651,840,Africa
Equatorial Guinea,2018,1308966,214000,347938,531000,520,632,820,Africa
Equatorial Guinea,2019,1355982,205000,333972,523000,520,643,840,Africa
Equatorial Guinea,2020,1402985,190000,337892,553000,520,674,940,Africa
Eritrea,2000,2292413,14000,42048,87000,2,97,270,Africa
Eritrea,2001,2374721,19000,54461,108000,2,130,340,Africa
Eritrea,2002,2481059,12000,32823,64000,1,74,200,Africa
Eritrea,2003,2600972,23000,49490,86000,3,112,260,Africa
Eritrea,2004,2719809,7600,15093,26000,0,32,79,Africa
Eritrea,2005,2826653,16000,27680,42000,2,59,130,Africa
Eritrea,2006,2918209,10000,16438,23000,1,36,76,Africa
Eritrea,2007,2996540,24000,37568,52000,4,60,120,Africa
Eritrea,2008,3062782,13000,20767,29000,2,37,76,Africa
Eritrea,2009,3119920,18000,27656,39000,3,41,81,Africa
Eritrea,2010,3170437,53000,83471,118000,9,161,320,Africa
Eritrea,2011,3213969,49000,76678,107000,8,141,280,Africa
Eritrea,2012,3250104,33000,52483,76000,6,85,170,Africa
Eritrea,2013,3281453,31000,49309,70000,5,88,180,Africa
Eritrea,2014,3311444,70000,109689,152000,11,227,460,Africa
Eritrea,2015,3342818,41000,64020,89000,6,128,260,Africa
Eritrea,2016,3376558,47000,86561,138000,7,198,440,Africa
Eritrea,2017,3412894,74000,115928,161000,12,221,450,Africa
Eritrea,2018,3452797,64000,99716,138000,10,196,390,Africa
Eritrea,2019,3497117,129000,200382,278000,19,437,890,Africa
Eritrea,2020,3546427,102000,158889,221000,13,372,760,Africa
Eswatini,2000,281520,340,792,1400,0,2,5,Africa
Eswatini,2001,283810,0,1395,0,0,3,5,Africa
Eswatini,2002,285335,0,670,0,0,1,2,Africa
Eswatini,2003,286382,0,342,0,0,0,1,Africa
Eswatini,2004,287360,0,574,0,0,1,2,Africa
Eswatini,2005,288561,0,279,0,0,0,1,Africa
Eswatini,2006,290106,0,155,0,0,0,0,Africa
Eswatini,2007,291942,0,84,0,0,0,0,Africa
Eswatini,2008,293985,0,58,0,0,0,0,Africa
Eswatini,2009,296089,0,106,0,0,0,0,Africa
Eswatini,2010,298155,0,268,0,0,0,1,Africa
Eswatini,2011,300168,0,379,0,0,0,1,Africa
Eswatini,2012,302199,0,409,0,0,1,1,Africa
Eswatini,2013,304316,0,728,0,0,1,2,Africa
Eswatini,2014,306606,0,389,0,0,0,1,Africa
Eswatini,2015,309130,0,318,0,0,0,1,Africa
Eswatini,2016,311918,0,250,0,0,0,1,Africa
Eswatini,2017,314946,0,440,0,0,1,1,Africa
Eswatini,2018,318156,0,686,0,0,1,2,Africa
Eswatini,2019,321477,0,239,0,-,0,-,Africa
Eswatini,2020,324845,0,233,0,-,0,-,Africa
Ethiopia,2000,45032869,6233000,10012002,15170000,1240,16808,34800,Africa
Ethiopia,2001,46348411,3555000,10740816,19300000,1110,18031,41900,Africa
Ethiopia,2002,47696619,3541000,9818962,18220000,1040,16864,41600,Africa
Ethiopia,2003,49075997,4396000,10682423,24360000,1090,18702,55500,Africa
Ethiopia,2004,50482860,3820000,11221054,33330000,760,21110,82900,Africa
Ethiopia,2005,51915486,2789000,7893191,23720000,520,15072,59300,Africa
Ethiopia,2006,53372658,2362000,7565788,23760000,430,13798,55000,Africa
Ethiopia,2007,54858556,2064000,6664422,19960000,400,11526,44800,Africa
Ethiopia,2008,56383037,2198000,5674236,16430000,420,9840,37000,Africa
Ethiopia,2009,57959068,2478000,7876855,23360000,440,14838,55400,Africa
Ethiopia,2010,59595175,2994000,9254141,26870000,540,17096,65300,Africa
Ethiopia,2011,61295151,4384000,9513941,23750000,850,15005,49200,Africa
Ethiopia,2012,63054338,5976000,11007934,24140000,1190,17579,49700,Africa
Ethiopia,2013,64862335,6839000,12428044,22800000,1420,21978,53500,Africa
Ethiopia,2014,66704096,3726000,10591119,18620000,960,17624,42100,Africa
Ethiopia,2015,68568110,3473000,9173386,16280000,880,16199,38700,Africa
Ethiopia,2016,70450352,2833000,6501344,11720000,650,11879,28200,Africa
Ethiopia,2017,72351951,2495000,4851370,8381000,520,9158,21100,Africa
Ethiopia,2018,74272600,1551000,2793314,4202000,230,6500,14200,Africa
Ethiopia,2019,76213540,1467000,2645193,3951000,250,5708,12300,Africa
Ethiopia,2020,78175245,2340000,4231328,6335000,380,9433,20500,Africa
Gabon,2000,1228359,243000,398161,615000,330,359,400,Africa
Gabon,2001,1258008,237000,386020,595000,310,337,380,Africa
Gabon,2002,1288310,210000,354240,566000,280,299,330,Africa
Gabon,2003,1319946,179000,305782,487000,240,254,280,Africa
Gabon,2004,1353788,148000,240402,372000,210,219,240,Africa
Gabon,2005,1390550,126000,197886,296000,190,201,210,Africa
Gabon,2006,1430144,108000,171998,259000,190,199,210,Africa
Gabon,2007,1472565,100000,161791,250000,190,199,210,Africa
Gabon,2008,1518538,101000,177824,288000,200,210,220,Africa
Gabon,2009,1568925,121000,224120,383000,210,226,240,Africa
Gabon,2010,1624146,152000,280006,465000,240,252,270,Africa
Gabon,2011,1684629,191000,338757,558000,260,283,310,Africa
Gabon,2012,1749677,232000,395572,639000,290,318,360,Africa
Gabon,2013,1817070,249000,438354,716000,320,360,410,Africa
Gabon,2014,1883801,280000,489638,804000,330,386,450,Africa
Gabon,2015,1947690,293000,494568,774000,340,394,470,Africa
Gabon,2016,2007882,290000,462369,716000,330,390,470,Africa
Gabon,2017,2064812,286000,452031,683000,320,382,470,Africa
Gabon,2018,2119275,277000,443712,676000,320,377,470,Africa
Gabon,2019,2172578,271000,448958,698000,320,381,480,Africa
Gabon,2020,2225728,259000,479563,818000,330,424,600,Africa
Gambia,2000,1317708,368000,491730,709000,550,577,610,Africa
Gambia,2001,1360070,371000,491620,717000,500,527,560,Africa
Gambia,2002,1404263,371000,491827,712000,470,489,510,Africa
Gambia,2003,1449925,374000,492303,714000,450,468,490,Africa
Gambia,2004,1496524,370000,492874,720000,430,449,470,Africa
Gambia,2005,1543745,372000,493387,715000,430,441,460,Africa
Gambia,2006,1591444,371000,493699,714000,430,441,460,Africa
Gambia,2007,1639846,373000,493777,714000,430,441,460,Africa
Gambia,2008,1689288,372000,493650,713000,430,445,460,Africa
Gambia,2009,1740277,372000,493445,713000,430,450,470,Africa
Gambia,2010,1793199,371000,493286,715000,450,470,490,Africa
Gambia,2011,1848142,385000,473874,575000,460,480,500,Africa
Gambia,2012,1905020,419000,523991,638000,470,487,510,Africa
Gambia,2013,1963708,409000,574774,816000,480,493,510,Africa
Gambia,2014,2024037,237000,303721,378000,490,504,520,Africa
Gambia,2015,2085860,347000,450479,564000,500,514,540,Africa
Gambia,2016,2149134,225000,297058,375000,500,523,540,Africa
Gambia,2017,2213900,111000,148057,189000,520,538,560,Africa
Gambia,2018,2280092,144000,196018,253000,540,560,590,Africa
Gambia,2019,2347696,86000,109975,137000,540,569,600,Africa
Gambia,2020,2416664,148000,210897,301000,560,615,680,Africa
Ghana,2000,19278850,6644000,8390825,10420000,18600,19388,20200,Africa
Ghana,2001,19756929,6638000,8296535,10280000,17700,18435,19200,Africa
Ghana,2002,20246376,6302000,7919784,9810000,16300,16937,17600,Africa
Ghana,2003,20750308,6143000,7696197,9525000,15300,15909,16500,Africa
Ghana,2004,21272328,5977000,7493504,9316000,14600,15105,15700,Africa
Ghana,2005,21814648,5815000,7338128,9117000,14200,14693,15200,Africa
Ghana,2006,22379057,5811000,7340195,9138000,14400,14925,15500,Africa
Ghana,2007,22963946,6044000,7545707,9296000,13900,14426,15000,Africa
Ghana,2008,23563832,6538000,8063544,9824000,14200,14759,15300,Africa
Ghana,2009,24170943,7059000,8695038,10500000,15100,15721,16300,Africa
Ghana,2010,24779614,7531000,9211717,11200000,15200,15810,16500,Africa
Ghana,2011,25387713,7770000,9551273,11500000,16100,16841,17600,Africa
Ghana,2012,25996454,7756000,9516545,11530000,15600,16282,17000,Africa
Ghana,2013,26607641,7355000,9086246,11130000,14900,15540,16300,Africa
Ghana,2014,27224480,6713000,8460913,10550000,13500,14109,14800,Africa
Ghana,2015,27849203,5945000,7681390,9749000,12200,12781,13400,Africa
Ghana,2016,28481947,5071000,6763906,8777000,11100,11608,12100,Africa
Ghana,2017,29121464,4241000,5850313,7778000,10900,11374,12000,Africa
Ghana,2018,29767108,3608000,5111179,6980000,11200,11792,12500,Africa
Ghana,2019,30417858,3383000,4911921,6910000,11200,11877,12700,Africa
Ghana,2020,31072945,3467000,5060166,7087000,11200,12084,13300,Africa
Guinea,2000,8240735,2794000,3667311,4767000,15400,16396,17400,Africa
Guinea,2001,8417082,2777000,3726628,4882000,15000,15919,16900,Africa
Guinea,2002,8586077,2604000,3658405,4993000,13600,14460,15400,Africa
Guinea,2003,8753097,2427000,3539604,4996000,12100,12844,13700,Africa
Guinea,2004,8925729,2198000,3310157,4808000,10300,10985,11700,Africa
Guinea,2005,9109585,1982000,3130628,4669000,9280,9895,10500,Africa
Guinea,2006,9307421,1972000,3102396,4671000,9060,9672,10300,Africa
Guinea,2007,9518159,2124000,3203174,4654000,9290,9931,10600,Africa
Guinea,2008,9738796,2515000,3468822,4672000,10100,10761,11500,Africa
Guinea,2009,9964470,2937000,3832532,4917000,11500,12350,13300,Africa
Guinea,2010,10192168,3252000,4145673,5235000,12400,13286,14300,Africa
Guinea,2011,10420459,3553000,4395976,5365000,12800,13841,15000,Africa
Guinea,2012,10652032,3770000,4577634,5492000,12700,13703,14900,Africa
Guinea,2013,10892821,3632000,4517687,5526000,11500,12504,13700,Africa
Guinea,2014,11150970,3444000,4447573,5650000,10600,11566,12700,Africa
Guinea,2015,11432096,3274000,4369537,5728000,9540,10492,11600,Africa
Guinea,2016,11738434,3003000,4235383,5796000,8770,9704,10800,Africa
Guinea,2017,12067516,2878000,4268657,6053000,8290,9242,10400,Africa
Guinea,2018,12414292,2872000,4335930,6288000,7560,8470,9600,Africa
Guinea,2019,12771246,2739000,4187051,6119000,7570,8586,9850,Africa
Guinea,2020,13132792,2549000,4196430,6522000,7760,10215,12700,Africa
Guinea-Bissau,2000,1201305,283000,479861,764000,2090,2273,2480,Africa
Guinea-Bissau,2001,1227105,226000,406016,673000,1590,1717,1870,Africa
Guinea-Bissau,2002,1254454,168000,327275,576000,1200,1297,1410,Africa
Guinea-Bissau,2003,1283297,123000,246480,440000,940,1003,1080,Africa
Guinea-Bissau,2004,1313492,86000,167413,298000,770,816,880,Africa
Guinea-Bissau,2005,1344931,65000,127536,224000,700,742,790,Africa
Guinea-Bissau,2006,1377582,57000,106558,184000,680,716,760,Africa
Guinea-Bissau,2007,1411545,66000,106532,164000,670,712,760,Africa
Guinea-Bissau,2008,1446936,93000,127914,171000,690,735,790,Africa
Guinea-Bissau,2009,1483920,111000,159662,222000,720,774,840,Africa
Guinea-Bissau,2010,1522603,121000,189755,284000,740,806,890,Africa
Guinea-Bissau,2011,1562996,120000,199885,313000,740,812,900,Africa
Guinea-Bissau,2012,1604981,105000,194666,336000,720,797,890,Africa
Guinea-Bissau,2013,1648259,83000,184328,353000,700,783,880,Africa
Guinea-Bissau,2014,1692433,63000,160854,337000,690,772,880,Africa
Guinea-Bissau,2015,1737207,50000,136360,302000,680,768,880,Africa
Guinea-Bissau,2016,1782434,40000,117007,275000,700,795,920,Africa
Guinea-Bissau,2017,1828146,31000,104397,269000,710,814,960,Africa
Guinea-Bissau,2018,1874304,30000,106349,281000,740,873,1050,Africa
Guinea-Bissau,2019,1920917,37000,121902,309000,740,874,1060,Africa
Guinea-Bissau,2020,1967998,48000,174987,474000,770,1021,1570,Africa
Kenya,2000,31964557,5442000,6929773,8712000,11500,11901,12400,Africa
Kenya,2001,32848569,6390000,7938230,9747000,13100,13668,14300,Africa
Kenya,2002,33751745,6048000,7543097,9336000,12900,13472,14100,Africa
Kenya,2003,34678778,5732000,7255664,9057000,12500,13021,13600,Africa
Kenya,2004,35635260,4880000,6345814,8033000,11200,11667,12100,Africa
Kenya,2005,36624894,3686000,5000527,6625000,10100,10427,10800,Africa
Kenya,2006,37649036,2798000,3896588,5285000,9540,9848,10200,Africa
Kenya,2007,38705936,2220000,3085187,4163000,9490,9792,10100,Africa
Kenya,2008,39791984,1901000,2639673,3558000,9430,9714,10000,Africa
Kenya,2009,40901802,1873000,2567362,3446000,9570,9855,10200,Africa
Kenya,2010,42030686,1982000,2690765,3592000,9740,10033,10400,Africa
Kenya,2011,43178270,2090000,2844630,3772000,10000,10371,10700,Africa
Kenya,2012,44343470,2228000,3050368,4081000,10000,10372,10800,Africa
Kenya,2013,45519982,2360000,3247830,4380000,10100,10439,10900,Africa
Kenya,2014,46700066,2396000,3303940,4419000,10200,10634,11100,Africa
Kenya,2015,47878348,2404000,3292619,4391000,10400,10862,11500,Africa
Kenya,2016,49051524,2258000,3235476,4449000,10700,11298,12100,Africa
Kenya,2017,50221148,2062000,3140919,4571000,11100,11845,12800,Africa
Kenya,2018,51392568,1923000,3070698,4639000,11100,11850,12900,Africa
Kenya,2019,52573968,1791000,2967868,4593000,11200,11979,13200,Africa
Kenya,2020,53771298,1564000,2738383,4452000,11400,12646,14800,Africa
Liberia,2000,2848447,836000,1327183,2002000,6530,6968,7460,Africa
Liberia,2001,2953928,873000,1355119,2023000,6220,6644,7120,Africa
Liberia,2002,3024727,855000,1346747,2030000,5660,6049,6470,Africa
Liberia,2003,3077055,823000,1323979,2016000,4990,5326,5690,Africa
Liberia,2004,3135654,816000,1281411,1924000,4240,4520,4820,Africa
Liberia,2005,3218114,846000,1266314,1842000,3610,3847,4100,Africa
Liberia,2006,3329211,886000,1268595,1781000,3250,3470,3700,Africa
Liberia,2007,3461911,943000,1297717,1739000,3070,3287,3510,Africa
Liberia,2008,3607863,1020000,1342709,1731000,3010,3227,3460,Africa
Liberia,2009,3754129,1027000,1329712,1683000,2840,3046,3270,Africa
Liberia,2010,3891357,1004000,1312930,1678000,2670,2862,3070,Africa
Liberia,2011,4017446,994000,1313721,1701000,2550,2738,2950,Africa
Liberia,2012,4135662,925000,1297478,1781000,2390,2574,2780,Africa
Liberia,2013,4248337,919000,1369073,1957000,2520,2737,2980,Africa
Liberia,2014,4359508,1019000,1491246,2098000,2900,3187,3510,Africa
Liberia,2015,4472229,1148000,1555896,2061000,2960,3295,3670,Africa
Liberia,2016,4586788,1372000,1712073,2094000,3540,4001,4550,Africa
Liberia,2017,4702224,1452000,1844663,2313000,3850,4444,5170,Africa
Liberia,2018,4818976,1344000,1846848,2476000,3320,3884,4610,Africa
Liberia,2019,4937374,1235000,1825088,2606000,3270,3918,4760,Africa
Liberia,2020,5057677,1070000,1810880,2861000,3040,4601,6200,Africa
Madagascar,2000,15766806,71000,905987,2004000,38,2239,6620,Africa
Madagascar,2001,16260933,150000,1111496,2366000,54,2747,7940,Africa
Madagascar,2002,16765122,23000,898515,2060000,31,2221,6730,Africa
Madagascar,2003,17279139,26000,1180072,2700000,41,2917,8930,Africa
Madagascar,2004,17802992,31000,834134,1861000,35,2062,6150,Africa
Madagascar,2005,18336722,25000,662852,1491000,26,1638,4870,Africa
Madagascar,2006,18880265,31000,666523,1461000,27,1647,4880,Africa
Madagascar,2007,19433520,135000,442208,876000,24,1092,2940,Africa
Madagascar,2008,19996476,257000,469371,791000,34,1160,2760,Africa
Madagascar,2009,20569115,534000,882824,1398000,68,2182,4860,Africa
Madagascar,2010,21151640,524000,893540,1448000,70,2208,5020,Africa
Madagascar,2011,21743970,503000,823538,1201000,62,2035,4280,Africa
Madagascar,2012,22346641,966000,1594592,2499000,130,3941,8840,Africa
Madagascar,2013,22961259,963000,1497292,2288000,120,3701,8010,Africa
Madagascar,2014,23589897,766000,1078280,1444000,93,2665,5200,Africa
Madagascar,2015,24234080,1704000,2345948,3082000,210,5800,11200,Africa
Madagascar,2016,24894370,1025000,1408501,1845000,120,3482,6670,Africa
Madagascar,2017,25570511,1440000,1934795,2485000,170,4783,9050,Africa
Madagascar,2018,26262313,1379000,1848813,2367000,160,4570,8600,Africa
Madagascar,2019,26969306,1429000,1915533,2449000,170,4735,8910,Africa
Madagascar,2020,27691019,2759000,3695590,4729000,300,9459,18000,Africa
Malawi,2000,11148751,4002000,5164430,6501000,16400,17225,18100,Africa
Malawi,2001,11432001,4278000,5318574,6511000,15400,16121,16900,Africa
Malawi,2002,11713663,4127000,5130061,6307000,13200,13784,14400,Africa
Malawi,2003,12000183,3771000,4780799,5984000,11100,11643,12200,Africa
Malawi,2004,12301837,3609000,4549207,5641000,9840,10288,10800,Africa
Malawi,2005,12625950,3709000,4587934,5619000,9380,9813,10300,Africa
Malawi,2006,12973693,3684000,4541568,5582000,9660,10095,10600,Africa
Malawi,2007,13341808,3743000,4650432,5705000,10400,10906,11400,Africa
Malawi,2008,13727899,4044000,5022864,6178000,10800,11431,12100,Africa
Malawi,2009,14128161,4354000,5379216,6581000,10700,11379,12100,Africa
Malawi,2010,14539609,4455000,5516206,6793000,10300,10951,11700,Africa
Malawi,2011,14962118,4381000,5460330,6703000,9380,9903,10500,Africa
Malawi,2012,15396010,3861000,4929530,6223000,8530,8978,9460,Africa
Malawi,2013,15839287,3504000,4547495,5836000,7460,7853,8300,Africa
Malawi,2014,16289550,3246000,4265161,5483000,6800,7221,7700,Africa
Malawi,2015,16745305,3096000,4032938,5159000,6390,6868,7400,Africa
Malawi,2016,17205253,2979000,3868572,4944000,6240,6792,7430,Africa
Malawi,2017,17670193,2954000,3851092,4948000,6210,6854,7640,Africa
Malawi,2018,18143215,2850000,3782274,4901000,6150,6820,7690,Africa
Malawi,2019,18628749,2613000,3835146,5384000,6130,6856,7830,Africa
Malawi,2020,19129955,2354000,4370301,7403000,6150,7165,8700,Africa
Mali,2000,10946448,3014000,4446769,6409000,24300,25672,27200,Africa
Mali,2001,11271603,3116000,4592575,6621000,22600,23927,25400,Africa
Mali,2002,11616890,3232000,4837950,7029000,21000,22172,23500,Africa
Mali,2003,11982692,3375000,5078371,7262000,20600,21772,23100,Africa
Mali,2004,12369078,3626000,5310943,7535000,21100,22353,23800,Africa
Mali,2005,12775509,3843000,5509314,7925000,21900,23245,24700,Africa
Mali,2006,13203378,3737000,5356747,7601000,21500,22899,24400,Africa
Mali,2007,13651455,3703000,5307761,7484000,20000,21311,22800,Africa
Mali,2008,14113578,3696000,5349875,7469000,17500,18710,20100,Africa
Mali,2009,14581427,3787000,5461653,7550000,16100,17255,18600,Africa
Mali,2010,15049352,4132000,5772983,7951000,16100,17241,18600,Africa
Mali,2011,15514593,4471000,6279267,8582000,18200,19701,21400,Africa
Mali,2012,15979492,4942000,6961475,9455000,21000,22890,25000,Africa
Mali,2013,16449854,5334000,7448756,10240000,22200,24431,27000,Africa
Mali,2014,16934213,5365000,7468113,10370000,19700,21909,24400,Africa
Mali,2015,17438772,4827000,6833022,9671000,15100,16997,19100,Africa
Mali,2016,17965448,4860000,6902717,9818000,12100,13831,15700,Africa
Mali,2017,18512429,5057000,7160192,10190000,12500,14479,16700,Africa
Mali,2018,19077755,5200000,7378847,10480000,14800,17379,20600,Africa
Mali,2019,19658023,4629000,6559792,9323000,14600,17511,21200,Africa
Mali,2020,20250834,5124000,7238665,10280000,15000,19316,25300,Africa
Mauritania,2000,2630217,203000,403918,709000,1040,1094,1160,Africa
Mauritania,2001,2702405,216000,429702,762000,1090,1151,1220,Africa
Mauritania,2002,2778097,136000,344961,654000,1060,1129,1210,Africa
Mauritania,2003,2857150,140000,339273,653000,1080,1154,1250,Africa
Mauritania,2004,2939246,90000,272001,508000,1080,1161,1260,Africa
Mauritania,2005,3024198,77000,254652,485000,1090,1179,1300,Africa
Mauritania,2006,3111908,61000,230502,448000,1100,1203,1340,Africa
Mauritania,2007,3202512,64000,227452,476000,1100,1210,1360,Africa
Mauritania,2008,3296237,50000,200705,407000,1110,1231,1410,Africa
Mauritania,2009,3393408,3600,105581,239000,1130,1262,1460,Africa
Mauritania,2010,3494200,6900,123045,274000,1140,1290,1520,Africa
Mauritania,2011,3598646,35000,162490,347000,1150,1317,1570,Africa
Mauritania,2012,3706555,5400,85009,205000,1160,1337,1620,Africa
Mauritania,2013,3817497,5200,94101,221000,1170,1358,1660,Africa
Mauritania,2014,3930894,70000,193411,375000,1220,1433,1790,Africa
Mauritania,2015,4046304,97000,249288,476000,1240,1471,1870,Africa
Mauritania,2016,4163532,144000,315084,567000,1260,1501,1930,Africa
Mauritania,2017,4282582,93000,237633,457000,1290,1537,2000,Africa
Mauritania,2018,4403312,80000,173555,297000,1310,1565,2060,Africa
Mauritania,2019,4525698,52000,127204,227000,1320,1589,2100,Africa
Mauritania,2020,4649660,55000,139446,250000,1350,1685,2400,Africa
Mozambique,2000,17711925,6997000,8615872,10600000,42400,45482,48900,Africa
Mozambique,2001,18221884,7468000,9145042,11050000,42300,45549,49000,Africa
Mozambique,2002,18764147,7704000,9390868,11360000,39700,42733,46100,Africa
Mozambique,2003,19331097,7653000,9338510,11290000,36400,39238,42300,Africa
Mozambique,2004,19910549,7383000,9000844,10870000,31700,34157,36900,Africa
Mozambique,2005,20493927,6950000,8507688,10240000,27700,29860,32200,Africa
Mozambique,2006,21080108,6808000,8339418,10120000,26100,28172,30400,Africa
Mozambique,2007,21673319,6726000,8293266,10020000,25000,27031,29200,Africa
Mozambique,2008,22276596,6833000,8448036,10240000,24400,26418,28600,Africa
Mozambique,2009,22894718,6977000,8599988,10470000,24500,26467,28800,Africa
Mozambique,2010,23531567,7110000,8749153,10670000,24400,26605,29100,Africa
Mozambique,2011,24187500,7272000,8901620,10770000,23300,25707,28600,Africa
Mozambique,2012,24862673,7478000,9125970,11040000,22100,24925,28300,Africa
Mozambique,2013,25560752,7620000,9365613,11340000,21900,25213,29500,Africa
Mozambique,2014,26286192,7670000,9357690,11390000,21000,24815,29800,Africa
Mozambique,2015,27042001,7691000,9404450,11360000,19800,23939,29600,Africa
Mozambique,2016,27829930,7715000,9505893,11550000,18800,23186,29600,Africa
Mozambique,2017,28649007,7565000,9399765,11580000,17100,21640,28500,Africa
Mozambique,2018,29496009,7448000,9298943,11480000,14900,19321,26200,Africa
Mozambique,2019,30366043,7230000,9230756,11620000,14500,19189,26900,Africa
Mozambique,2020,31255435,7209000,10007802,13430000,16100,23766,38400,Africa
Namibia,2000,1424450,31000,77821,156000,4,199,540,Africa
Namibia,2001,1447535,56000,102902,185000,6,263,640,Africa
Namibia,2002,1469643,33000,70395,138000,4,180,480,Africa
Namibia,2003,1491545,28000,67564,139000,3,172,470,Africa
Namibia,2004,1514266,51000,105493,201000,6,270,700,Africa
Namibia,2005,1538538,34000,65303,120000,4,167,420,Africa
Namibia,2006,1564733,41000,68176,113000,4,174,400,Africa
Namibia,2007,1592672,6300,20663,48000,0,52,160,Africa
Namibia,2008,1621934,1600,12094,32000,0,30,110,Africa
Namibia,2009,1651824,1000,8122,26000,0,20,83,Africa
Namibia,2010,1681858,800,2590,6100,0,6,21,Africa
Namibia,2011,1711879,2100,3092,4800,0,7,16,Africa
Namibia,2012,1742104,2200,5467,9400,0,13,35,Africa
Namibia,2013,1772845,6200,7844,9600,0,20,36,Africa
Namibia,2014,1804531,20000,25780,32000,2,65,120,Africa
Namibia,2015,1837452,12000,15052,18000,1,38,70,Africa
Namibia,2016,1871697,25000,32052,39000,2,82,150,Africa
Namibia,2017,1907082,71000,89155,109000,7,228,420,Africa
Namibia,2018,1943338,40000,50217,62000,4,128,230,Africa
Namibia,2019,1980028,4100,5705,8100,0,14,29,Africa
Namibia,2020,2016852,16000,20258,25000,1,51,94,Africa
Niger,2000,11331561,2161000,4115946,7215000,24000,25663,27500,Africa
Niger,2001,11751364,2228000,4150655,7126000,23300,25034,26900,Africa
Niger,2002,12189988,2170000,3987705,6762000,20400,21946,23600,Africa
Niger,2003,12647983,2082000,3727026,6187000,19300,20714,22300,Africa
Niger,2004,13125914,2278000,3928085,6429000,18500,19908,21400,Africa
Niger,2005,13624474,2458000,4188975,6568000,18200,19595,21100,Africa
Niger,2006,14143969,2532000,4311636,6910000,17500,19018,20600,Africa
Niger,2007,14685404,2688000,4605268,7349000,18000,19662,21400,Africa
Niger,2008,15250913,3229000,5370546,8492000,18700,20669,22700,Africa
Niger,2009,15843131,3644000,6013190,9523000,20300,22734,25400,Africa
Niger,2010,16464025,4094000,6821838,10630000,21500,24628,28100,Africa
Niger,2011,17114770,4440000,7327134,11430000,21700,25514,29700,Africa
Niger,2012,17795209,4599000,7646932,11870000,21200,25584,30500,Africa
Niger,2013,18504287,4500000,7709350,12260000,19900,24706,30300,Africa
Niger,2014,19240182,4583000,7875100,12790000,18300,23360,29500,Africa
Niger,2015,20001663,4612000,8078973,13300000,16500,21498,28100,Africa
Niger,2016,20788789,4554000,8057065,13300000,15300,20478,27600,Africa
Niger,2017,21602388,4361000,7870403,13160000,13200,18087,25100,Africa
Niger,2018,22442831,4176000,7741136,13340000,11600,16340,23400,Africa
Niger,2019,23310719,3992000,7612769,13150000,11500,16391,24200,Africa
Niger,2020,24206636,3807000,7845520,14670000,10800,17435,31200,Africa
Nigeria,2000,122283860,40710000,51119378,62880000,236000,249308,264000,Africa
Nigeria,2001,125394040,40680000,51130906,63170000,229000,242521,256000,Africa
Nigeria,2002,128596072,40370000,50530444,62360000,218000,230496,244000,Africa
Nigeria,2003,131900628,41100000,51659556,63970000,213000,226464,240000,Africa
Nigeria,2004,135320412,43680000,54284280,66540000,214000,226562,240000,Africa
Nigeria,2005,138865016,44850000,56627136,70200000,217000,230356,244000,Africa
Nigeria,2006,142538312,46240000,58577749,73500000,218000,232391,247000,Africa
Nigeria,2007,146339952,47580000,60355724,74930000,215000,229172,244000,Africa
Nigeria,2008,150269616,49860000,62075250,76400000,207000,221424,237000,Africa
Nigeria,2009,154324960,50270000,61757109,75430000,196000,210258,226000,Africa
Nigeria,2010,158503176,47660000,59162695,72350000,183000,197589,213000,Africa
Nigeria,2011,162805064,45740000,57063559,70600000,169000,184090,200000,Africa
Nigeria,2012,167228800,43580000,54860037,68480000,158000,173305,190000,Africa
Nigeria,2013,171765808,41510000,52935597,66990000,152000,168902,188000,Africa
Nigeria,2014,176404944,40550000,52452825,66320000,147000,165149,186000,Africa
Nigeria,2015,181137464,41090000,52990392,67040000,143000,163058,188000,Africa
Nigeria,2016,185960248,42630000,54658102,69110000,143000,165653,195000,Africa
Nigeria,2017,190873256,44350000,56872963,71130000,149000,176528,212000,Africa
Nigeria,2018,195874688,46290000,58570568,73210000,156000,186937,231000,Africa
Nigeria,2019,200963608,46810000,60378016,76260000,152000,187437,239000,Africa
Nigeria,2020,206139584,46460000,64677959,87350000,151000,199689,275000,Africa
Rwanda,2000,7933688,957000,1983730,3711000,5860,6191,6550,Africa
Rwanda,2001,8231150,920000,1963986,3517000,5720,6004,6310,Africa
Rwanda,2002,8427061,835000,1604762,3033000,4850,5076,5320,Africa
Rwanda,2003,8557160,677000,1298588,2120000,4080,4248,4430,Africa
Rwanda,2004,8680516,494000,1127711,1818000,3460,3592,3730,Africa
Rwanda,2005,8840220,397000,1391517,2311000,3120,3224,3340,Africa
Rwanda,2006,9043342,360000,1396850,2213000,2930,3028,3130,Africa
Rwanda,2007,9273759,501000,840559,1251000,2840,2926,3020,Africa
Rwanda,2008,9524532,425000,683661,999000,2800,2882,2970,Africa
Rwanda,2009,9782770,1015000,1546660,2166000,2770,2854,2950,Africa
Rwanda,2010,10039338,747000,1079765,1427000,2770,2871,2990,Africa
Rwanda,2011,10293333,291000,390611,495000,2700,2820,2960,Africa
Rwanda,2012,10549668,512000,646386,788000,2650,2778,2940,Africa
Rwanda,2013,10811538,1014000,1214623,1426000,2620,2762,2950,Africa
Rwanda,2014,11083629,1726000,2299121,2888000,2610,2761,2970,Africa
Rwanda,2015,11369066,2667000,3585563,4528000,2640,2799,3040,Africa
Rwanda,2016,11668829,3600000,4887836,6220000,2690,2867,3150,Africa
Rwanda,2017,11980960,6361000,8681013,11150000,2730,2923,3230,Africa
Rwanda,2018,12301969,4479000,6134659,7876000,2750,2932,3240,Africa
Rwanda,2019,12626938,3358000,4590903,5898000,2800,2982,3320,Africa
Rwanda,2020,12952209,2189000,2986047,3842000,2840,3046,3450,Africa
Sao Tome and Principe,2000,142264,0,31975,0,0,254,0,Africa
Sao Tome and Principe,2001,144760,0,42086,0,0,248,0,Africa
Sao Tome and Principe,2002,147450,0,50586,0,0,321,0,Africa
Sao Tome and Principe,2003,150405,0,42656,0,0,193,0,Africa
Sao Tome and Principe,2004,153736,0,46486,0,0,169,0,Africa
Sao Tome and Principe,2005,157472,0,18139,0,0,85,0,Africa
Sao Tome and Principe,2006,161676,0,5146,0,0,26,0,Africa
Sao Tome and Principe,2007,166297,0,2421,0,0,3,0,Africa
Sao Tome and Principe,2008,171122,0,6258,0,0,16,0,Africa
Sao Tome and Principe,2009,175877,0,6182,0,0,23,0,Africa
Sao Tome and Principe,2010,180372,0,2740,0,0,14,0,Africa
Sao Tome and Principe,2011,184521,0,8442,0,0,19,0,Africa
Sao Tome and Principe,2012,188394,0,12550,0,0,7,0,Africa
Sao Tome and Principe,2013,192076,0,9243,0,0,11,0,Africa
Sao Tome and Principe,2014,195727,0,1754,0,0,0,0,Africa
Sao Tome and Principe,2015,199439,0,2056,0,0,0,0,Africa
Sao Tome and Principe,2016,203221,0,2238,0,0,1,0,Africa
Sao Tome and Principe,2017,207086,0,2239,0,0,1,0,Africa
Sao Tome and Principe,2018,211032,0,2937,0,0,0,0,Africa
Sao Tome and Principe,2019,215048,0,2732,0,0,0,0,Africa
Sao Tome and Principe,2020,219161,0,1933,0,0,0,0,Africa
Senegal,2000,9797731,1764000,3000479,3963000,6100,6336,6600,Africa
Senegal,2001,10036102,669000,2746324,4053000,6160,6404,6670,Africa
Senegal,2002,10283694,505000,2299641,3797000,5450,5645,5860,Africa
Senegal,2003,10541470,726000,2137402,3448000,4870,5034,5210,Africa
Senegal,2004,10810086,308000,1502581,2869000,4290,4419,4560,Africa
Senegal,2005,11090123,441000,1389197,2295000,3960,4066,4180,Africa
Senegal,2006,11382272,442000,1380317,2459000,3840,3943,4050,Africa
Senegal,2007,11687078,330000,1160145,2155000,3770,3869,3970,Africa
Senegal,2008,12004700,396000,628766,914000,3810,3904,4010,Africa
Senegal,2009,12335092,276000,405713,552000,3820,3917,4020,Africa
Senegal,2010,12678143,536000,766710,1020000,3810,3908,4010,Africa
Senegal,2011,13033814,447000,637322,850000,3780,3873,3970,Africa
Senegal,2012,13401990,493000,713894,970000,3710,3792,3880,Africa
Senegal,2013,13782429,605000,851522,1136000,3750,3834,3930,Africa
Senegal,2014,14174740,399000,546694,717000,3860,3961,4070,Africa
Senegal,2015,14578450,687000,1010929,1373000,3920,4042,4180,Africa
Senegal,2016,14993514,469000,684131,924000,3920,4056,4210,Africa
Senegal,2017,15419354,558000,805707,1068000,4000,4163,4350,Africa
Senegal,2018,15854324,728000,1047659,1406000,4190,4400,4670,Africa
Senegal,2019,16296362,457000,672221,912000,4230,4470,4780,Africa
Senegal,2020,16743930,568000,836014,1134000,4270,4602,5160,Africa
Sierra Leone,2000,4584570,1490000,2154734,3031000,13600,14506,15500,Africa
Sierra Leone,2001,4754069,1557000,2248700,3139000,14200,15093,16100,Africa
Sierra Leone,2002,4965770,1558000,2309209,3286000,13700,14567,15500,Africa
Sierra Leone,2003,5201074,1541000,2309575,3338000,12700,13478,14400,Africa
Sierra Leone,2004,5433995,1612000,2328946,3291000,11200,11968,12700,Africa
Sierra Leone,2005,5645629,1573000,2305873,3313000,10300,10999,11700,Africa
Sierra Leone,2006,5829240,1504000,2285588,3312000,9960,10638,11300,Africa
Sierra Leone,2007,5989641,1613000,2381690,3412000,10300,10976,11700,Africa
Sierra Leone,2008,6133599,1897000,2608564,3490000,11800,12609,13500,Africa
Sierra Leone,2009,6272735,2126000,2804315,3633000,13200,14149,15200,Africa
Sierra Leone,2010,6415636,2193000,2874660,3749000,14000,15137,16300,Africa
Sierra Leone,2011,6563238,2206000,2896554,3744000,13800,14951,16200,Africa
Sierra Leone,2012,6712586,2266000,2883917,3598000,12900,14051,15300,Africa
Sierra Leone,2013,6863975,2263000,2842351,3508000,11600,12628,13800,Africa
Sierra Leone,2014,7017153,2204000,2812427,3517000,10100,11151,12300,Africa
Sierra Leone,2015,7171909,2242000,2809720,3499000,9700,10818,12100,Africa
Sierra Leone,2016,7328846,2281000,2830700,3465000,8330,9394,10600,Africa
Sierra Leone,2017,7488427,2188000,2767811,3456000,7380,8435,9650,Africa
Sierra Leone,2018,7650149,2102000,2768412,3591000,6120,7089,8220,Africa
Sierra Leone,2019,7813207,1843000,2714910,3868000,5860,6904,8160,Africa
Sierra Leone,2020,7976985,1393000,2617968,4451000,6190,8054,10300,Africa
South Africa,2000,4496771,13000,18064,26000,0,424,0,Africa
South Africa,2001,4557127,0,26506,0,0,81,0,Africa
South Africa,2002,4615091,0,15649,0,0,96,0,Africa
South Africa,2003,4671919,0,13459,0,0,142,0,Africa
South Africa,2004,4729161,0,13399,0,0,88,0,Africa
South Africa,2005,4788059,0,7755,0,0,63,0,Africa
South Africa,2006,4848946,0,12098,0,0,87,0,Africa
South Africa,2007,4911976,0,6327,0,0,37,0,Africa
South Africa,2008,4977946,0,7796,0,0,43,0,Africa
South Africa,2009,5047701,0,6072,0,0,45,0,Africa
South Africa,2010,5121696,0,8060,0,0,83,0,Africa
South Africa,2011,5200375,0,9866,0,0,54,0,Africa
South Africa,2012,5283266,0,6621,0,0,72,0,Africa
South Africa,2013,5368712,0,8645,0,0,105,0,Africa
South Africa,2014,5454418,0,11705,0,0,174,0,Africa
South Africa,2015,5538637,0,4959,0,0,110,0,Africa
South Africa,2016,5620764,0,4323,0,0,34,0,Africa
South Africa,2017,5700975,0,22517,0,0,301,0,Africa
South Africa,2018,5779251,0,9540,0,0,69,0,Africa
South Africa,2019,5855826,0,3096,0,0,79,0,Africa
South Africa,2020,5930869,0,4463,0,0,38,0,Africa
South Sudan,2000,6199396,1560000,2276197,3216000,9630,10974,12500,Africa
South Sudan,2001,6447791,1501000,2303031,3402000,9240,10497,11900,Africa
South Sudan,2002,6688225,1402000,2251307,3477000,8300,9401,10600,Africa
South Sudan,2003,6935665,1412000,2211009,3328000,7720,8739,9890,Africa
South Sudan,2004,7213354,1474000,2212069,3183000,7100,8047,9130,Africa
South Sudan,2005,7535931,1581000,2304099,3239000,6580,7498,8540,Africa
South Sudan,2006,7907407,1678000,2413591,3344000,6240,7177,8240,Africa
South Sudan,2007,8315144,1802000,2490136,3332000,5880,6815,7910,Africa
South Sudan,2008,8736932,1985000,2561254,3242000,5620,6644,7820,Africa
South Sudan,2009,9142258,2090000,2615420,3244000,5270,6342,7590,Africa
South Sudan,2010,9508372,2140000,2716508,3398000,4930,6037,7320,Africa
South Sudan,2011,9830695,2219000,2859336,3649000,4650,5784,7150,Africa
South Sudan,2012,10113648,2229000,2910711,3730000,4480,5687,7190,Africa
South Sudan,2013,10355030,2246000,2958829,3834000,4400,5736,7440,Africa
South Sudan,2014,10554882,2150000,2916371,3844000,4490,6062,8160,Africa
South Sudan,2015,10715657,2030000,2903950,4013000,4600,6410,8940,Africa
South Sudan,2016,10832520,1888000,2887385,4336000,4670,6810,9990,Africa
South Sudan,2017,10910774,1847000,3030835,4719000,4700,7156,11000,Africa
South Sudan,2018,10975924,1787000,3059985,4947000,4490,6961,11000,Africa
South Sudan,2019,11062114,1745000,3111318,5102000,4450,7194,12000,Africa
South Sudan,2020,11193729,1752000,3211331,5412000,4370,7431,13600,Africa
Togo,2000,4924406,1638000,2195221,2930000,5140,5462,5810,Africa
Togo,2001,5062571,1716000,2237356,2844000,5120,5427,5780,Africa
Togo,2002,5197040,1796000,2309443,2909000,5230,5560,5920,Africa
Togo,2003,5330629,1905000,2418416,3015000,5540,5897,6280,Africa
Togo,2004,5467770,2054000,2546882,3147000,6070,6473,6910,Africa
Togo,2005,5611643,2055000,2588578,3211000,6370,6808,7280,Africa
Togo,2006,5762881,1996000,2567929,3245000,6170,6601,7070,Africa
Togo,2007,5920360,1939000,2502376,3199000,5580,5987,6410,Africa
Togo,2008,6083417,1779000,2305409,2945000,4580,4912,5270,Africa
Togo,2009,6250840,1623000,2096254,2668000,3860,4142,4450,Africa
Togo,2010,6421674,1591000,2045765,2608000,3640,3917,4220,Africa
Togo,2011,6595939,1624000,2089932,2649000,3620,3917,4240,Africa
Togo,2012,6773807,1843000,2311995,2873000,4030,4389,4780,Africa
Togo,2013,6954721,2072000,2553510,3117000,4580,5042,5540,Africa
Togo,2014,7137997,2125000,2605134,3184000,4700,5210,5770,Africa
Togo,2015,7323162,2079000,2581206,3162000,4520,5058,5650,Africa
Togo,2016,7509952,1919000,2405650,2976000,3840,4298,4830,Africa
Togo,2017,7698476,1645000,2106005,2640000,3280,3695,4170,Africa
Togo,2018,7889095,1504000,1932188,2468000,3150,3589,4110,Africa
Togo,2019,8082359,1387000,1852017,2417000,3100,3584,4170,Africa
Togo,2020,8278737,1288000,1894656,2662000,2960,3589,4400,Africa
Uganda,2000,23650159,8864000,11522961,14680000,43500,45764,48100,Africa
Uganda,2001,24388974,9599000,12388974,15880000,49200,51831,54600,Africa
Uganda,2002,25167261,9609000,12587470,16040000,48100,50654,53400,Africa
Uganda,2003,25980547,9713000,12577824,16120000,43100,45326,47800,Africa
Uganda,2004,26821300,9286000,12064883,15440000,35400,37194,39200,Africa
Uganda,2005,27684590,9299000,12005292,15370000,27600,28954,30400,Africa
Uganda,2006,28571475,9288000,12037459,15350000,24300,25471,26700,Africa
Uganda,2007,29486335,9494000,12249023,15610000,23700,24820,26100,Africa
Uganda,2008,30431734,10070000,12719269,15820000,26100,27478,28900,Africa
Uganda,2009,31411096,10690000,13288506,16370000,28100,29622,31200,Africa
Uganda,2010,32428164,10570000,13277279,16390000,26200,27679,29200,Africa
Uganda,2011,33476772,10420000,13212603,16450000,23100,24423,25800,Africa
Uganda,2012,34558698,10200000,13013284,16370000,19200,20233,21400,Africa
Uganda,2013,35694516,9079000,11862873,15290000,15600,16421,17300,Africa
Uganda,2014,36911530,8090000,10862413,14320000,14800,15581,16500,Africa
Uganda,2015,38225440,6793000,9690714,13220000,15200,16198,17300,Africa
Uganda,2016,39649176,7947000,11226154,14840000,17600,19158,21000,Africa
Uganda,2017,41166588,8019000,12140161,16870000,19200,21315,23900,Africa
Uganda,2018,42729036,7357000,11224558,17940000,16000,17652,19700,Africa
Uganda,2019,44269584,7697000,11629246,18180000,15900,17766,20200,Africa
Uganda,2020,45741000,8583000,12982097,20420000,16500,21699,30900,Africa
United Republic of Tanzania,2000,33499179,8738000,11387493,14640000,39100,40887,42900,Africa
United Republic of Tanzania,2001,34385848,8810000,11292969,14320000,36800,38471,40300,Africa
United Republic of Tanzania,2002,35334794,8217000,10686866,13640000,32200,33657,35200,Africa
United Republic of Tanzania,2003,36337778,7868000,10309562,13270000,29300,30612,32000,Africa
United Republic of Tanzania,2004,37379762,7704000,9983978,12650000,26200,27362,28600,Africa
United Republic of Tanzania,2005,38450326,7405000,9550230,12090000,24000,25049,26200,Africa
United Republic of Tanzania,2006,39548662,6895000,8966193,11360000,22400,23341,24400,Africa
United Republic of Tanzania,2007,40681414,6128000,8080394,10510000,21300,22162,23100,Africa
United Republic of Tanzania,2008,41853946,5354000,7159787,9357000,21000,21803,22700,Africa
United Republic of Tanzania,2009,43073834,4797000,6508624,8626000,20800,21608,22500,Africa
United Republic of Tanzania,2010,44346534,4507000,6092023,8050000,20700,21475,22400,Africa
United Republic of Tanzania,2011,45673516,4304000,5820349,7722000,20300,21130,22100,Africa
United Republic of Tanzania,2012,47053030,4334000,5864639,7734000,19900,20707,21700,Africa
United Republic of Tanzania,2013,48483134,4847000,6521880,8640000,20600,21522,22600,Africa
United Republic of Tanzania,2014,49960560,5329000,7239731,9612000,20900,22012,23300,Africa
United Republic of Tanzania,2015,51482634,5353000,7223235,9516000,21100,22380,24000,Africa
United Republic of Tanzania,2016,53049230,5146000,6964441,9156000,21500,22999,24900,Africa
United Republic of Tanzania,2017,54660342,5013000,6754419,8936000,21400,23021,25200,Africa
United Republic of Tanzania,2018,56313440,4747000,6471822,8671000,21600,23376,25900,Africa
United Republic of Tanzania,2019,58005458,4488000,6487332,8972000,21800,23742,26600,Africa
United Republic of Tanzania,2020,59734214,4495000,7178459,10890000,23100,25972,32200,Africa
Zambia,2000,10415942,3169000,4136290,5302000,12500,13121,13800,Africa
Zambia,2001,10692197,3402000,4321294,5436000,12500,13075,13800,Africa
Zambia,2002,10971704,3153000,4075482,5181000,11100,11675,12200,Africa
Zambia,2003,11256740,2992000,3923240,5023000,9970,10421,10900,Africa
Zambia,2004,11550641,2654000,3485908,4514000,8630,9007,9420,Africa
Zambia,2005,11856244,2372000,3064227,3895000,7580,7899,8250,Africa
Zambia,2006,12173518,2091000,2708524,3464000,6990,7262,7560,Africa
Zambia,2007,12502958,1864000,2418532,3083000,6600,6851,7110,Africa
Zambia,2008,12848531,1713000,2217141,2805000,6470,6708,6950,Africa
Zambia,2009,13215142,1708000,2183393,2757000,6470,6701,6950,Africa
Zambia,2010,13605986,1792000,2292275,2884000,6540,6770,7030,Africa
Zambia,2011,14023199,1980000,2531355,3178000,6820,7076,7360,Africa
Zambia,2012,14465148,2265000,2898072,3641000,7100,7388,7700,Africa
Zambia,2013,14926551,2656000,3397484,4278000,7490,7827,8190,Africa
Zambia,2014,15399793,2799000,3577658,4480000,7840,8222,8650,Africa
Zambia,2015,15879370,2720000,3482707,4356000,7660,8070,8520,Africa
Zambia,2016,16363449,2566000,3370359,4336000,7550,7988,8480,Africa
Zambia,2017,16853608,2191000,3122084,4284000,7350,7825,8380,Africa
Zambia,2018,17351714,2090000,3103175,4395000,7310,7862,8530,Africa
Zambia,2019,17861034,2077000,3114941,4548000,7360,7996,8790,Africa
Zambia,2020,18383956,2199000,3435936,5158000,7820,8946,10400,Africa
Zimbabwe,2000,9355799,291000,1057512,2497000,51,2707,8330,Africa
Zimbabwe,2001,9389205,281000,1061288,2497000,50,2716,8530,Africa
Zimbabwe,2002,9413133,279000,1063993,2472000,51,2723,8280,Africa
Zimbabwe,2003,9435122,279000,1066479,2532000,50,2730,8560,Africa
Zimbabwe,2004,9464802,266000,1069833,2492000,50,2738,8510,Africa
Zimbabwe,2005,9509517,273000,1074888,2519000,50,2751,8550,Africa
Zimbabwe,2006,9571565,281000,1081901,2580000,51,2769,8540,Africa
Zimbabwe,2007,9650642,710000,1690025,2951000,110,4326,10600,Africa
Zimbabwe,2008,9747994,182000,728426,1410000,36,1864,4960,Africa
Zimbabwe,2009,9864069,407000,889197,1505000,57,2276,5340,Africa
Zimbabwe,2010,9998533,599000,1097776,1735000,75,2810,6240,Africa
Zimbabwe,2011,10153338,471000,717620,993000,53,1837,3740,Africa
Zimbabwe,2012,10327222,406000,590910,795000,44,1512,2980,Africa
Zimbabwe,2013,10512448,613000,861512,1126000,67,2205,4260,Africa
Zimbabwe,2014,10698542,805000,1090112,1396000,86,2790,5310,Africa
Zimbabwe,2015,10878022,720000,1061804,1443000,79,2718,5440,Africa
Zimbabwe,2016,11047866,498000,755407,1046000,55,1933,3910,Africa
Zimbabwe,2017,11210282,830000,1332055,1909000,96,3410,7100,Africa
Zimbabwe,2018,11369510,392000,634718,899000,45,1624,3350,Africa
Zimbabwe,2019,11532240,470000,782740,1125000,54,2003,4230,Africa
Zimbabwe,2020,11703470,692000,1152901,1649000,79,2951,6220,Africa